id_persona,nombre,curp,rfc,ape_pat,ape_mat,tel_fijo,correo,tel_mov,tipo_persona,id_direccion
00001,Zoé,GÓPZ760317GY99,GÓZ7301012SO,Gómez,Ponce,674.439.9567x70,miriam02@yahoo.com,1-933-723-8807,P,00001
00002,Eloisa,AGQE791102RL78,AGE22122891R,Aguayo,Quintanilla,205-015-0973x99,tijerinahernan@hotmail.com,1-926-457-3894,E,00002
00003,Darío,RIQD010129MO67,RID9610011CN,Rico,Quiñónez,228.338.8465x30,ttrejo@yahoo.com,443.026.9412x56,E,00003
00004,Natalia,HILN111002VB99,HIN9808206WH,Hinojosa,Lemus,257.864.4583x03,otirado@gmail.com,03276005227,P,00004
00005,Micaela,CIGM900327ZU68,CIM730409CZP,Cisneros,Godínez,873-080-4955,smiranda@proyectos.net,311.815.1493,E,00005
00006,Ofelia,NAGO890320VG32,NAO59061535D,Naranjo,Guillen,211-138-5704x51,ffajardo@aleman.com,1-939-599-5086x,E,00006
00007,Amanda,RIVA400323HU08,RIA161111AR0,Rico,Valadez,098.505.1963x12,esperanza22@zaragoza-burgos.biz,344.031.1288x63,P,00007
00008,Emilio,CACE590211JL15,CAE051227SU6,Castillo,Cornejo,(217)045-6269x2,eloyelizondo@hotmail.com,107-230-3293x25,E,00008
00009,Elvia,GRZE620518HL40,GRE3210035A2,Granados,Zarate,1-911-492-1249,jorgebalderas@gmail.com,581-584-7478x98,P,00009
00010,Dulce,BALD540321VH99,BAD2106051B2,Balderas,Lomeli,+34(5)464451889,valdesjose-carlos@pineda.com,1-106-090-8559x,E,00010
00011,Reynaldo,SACR800410RR84,SAR5710189XT,Sanches,Correa,116-539-6834x17,bcornejo@hotmail.com,(581)168-8040,P,00011
00012,Silvia,GURS300107IF42,GUS270208S75,Gutiérrez,Ramírez,(801)712-2571x6,rodolfo12@tapia-zamora.info,+12(1)099746979,P,00012
00013,Elsa,DEME240109NW73,DEE5310290C9,de la Fuente,Mercado,(797)380-4991x2,venegasabigail@hotmail.com,250-235-2523,P,00013
00014,Magdalena,MOMM241111RF38,MOM720405TOC,Montenegro,Menéndez,311.019.7809,alfonso26@hotmail.com,(527)380-4743x1,E,00014
00015,Aldo,VAMA441024KR20,VAA110110O9F,Valle,Mireles,1-184-454-2933,trinidadcenteno@ortiz-caldera.info,378.454.8721x61,P,00015
00016,Celia,CAVC951005QZ22,CAC850224J7Q,Casillas,Venegas,187-478-9367,gallegosruby@industrias.com,(755)829-1181x5,E,00016
00017,Rosa,LEMR830113YG00,LER4804303BI,Leal,Moya,916-922-7623,barbara93@vallejo.biz,+26(0)819851354,P,00017
00018,Julia,ANMJ070402FK89,ANJ180315BF4,Angulo,Mendoza,00869852507,mitzy05@hotmail.com,1-166-590-6896x,E,00018
00019,Rolando,RUCR710515ZP86,RUR480122524,Ruiz,Calderón,(974)197-0980x0,espartacomiranda@hotmail.com,(969)100-1475x9,E,00019
00020,Jacinto,VEHJ161219WE00,VEJ2003083S4,Vera,Huerta,(946)397-8376x9,ontiverosrodolfo@grupo.com,(676)615-3162x2,P,00020
00021,Óscar,BEAÓ390310IA04,BEÓ580219IF0,Benítez,Anguiano,(800)269-3265x8,hgamez@aponte.net,1-400-501-3912,E,00021
00022,Isabel,ESQI110802ML19,ESI861114CUC,Estrada,Quiñones,(866)189-3446,trazo@yahoo.com,452.245.0590,P,00022
00023,Adela,RAVA490804FO09,RAA970122IXL,Ramón,Villanueva,(712)247-0758x9,rmonroy@gmail.com,1-340-424-4674x,P,00023
00024,Alicia,ANRA721125HG37,ANA750401B4K,Anaya,Rico,1-722-500-8473,vtijerina@gmail.com,373.841.1096,E,00024
00025,Lucas,SESL660818SU05,SEL890107XH0,Serrano,Santillán,+29(3)143075347,ulira@yahoo.com,549-626-1672,E,00025
00026,Luis Manuel,RAVL130416SY69,RAL3306297BV,Raya,Valle,(958)645-4220,gallegosaraceli@hotmail.com,+15(5)078045090,E,00026
00027,Jorge Luis,BAAJ181031XT63,BAJ291012157,Bahena,Almanza,(017)588-6183,kvaldez@viera.net,02446076174,E,00027
00028,María,CACM901230PW54,CAM26081614L,Carmona,Centeno,380.937.7991x80,sararomo@gmail.com,757-883-1426x44,P,00028
00029,Jorge,ULOJ140909TM14,ULJ310102EJ2,Ulibarri,Ojeda,080.887.8153,cantuofelia@hotmail.com,562-300-7858x74,E,00029
00030,Esther,LIBE170307YU35,LIE950320OKC,Lira,Barajas,08417424869,ysaldivar@hotmail.com,+75(3)142989064,E,00030
00031,Adriana,SAYA320607OU12,SAA161217JPE,Santacruz,Yáñez,027-370-3615,tovarisabela@gmail.com,(762)270-1852,E,00031
00032,Carla,TABC500424RI45,TAC310527QZD,Tafoya,Bernal,05705287332,tejadawilfrido@club.net,08736112661,P,00032
00033,Jesús,OCRJ160906OJ21,OCJ2301203F2,Ocasio,Rosales,747.640.8461,robledorocio@proyectos.com,(850)101-3048x6,E,00033
00034,Caridad,LOOC640224YW19,LOC160810O7N,Lozada,Otero,207-703-4705x86,darioluna@gmail.com,613-052-7743,E,00034
00035,Olivia,TAPO150828YU34,TAO540222NCZ,Tamez,Patiño,(826)307-2301x4,zoearguello@armenta-lemus.com,(155)917-1903x4,P,00035
00036,Mauro,TEMM131226ZP07,TEM480830JQO,Tejeda,Marrero,961.757.3691x46,corosco@hotmail.com,(431)975-9123x7,P,00036
00037,Clara,URPC860202HE90,URC810413TVO,Uribe,Pedraza,08969699798,aurorajuarez@hotmail.com,578.671.5276x46,E,00037
00038,Wendolin,CAOW180803IO13,CAW290213WB2,Carbajal,Olivera,03655210214,maganaesmeralda@yahoo.com,(624)750-9412,E,00038
00039,Blanca,CAEB541220RF65,CAB580909EHF,Canales,Escalante,797-721-6841x23,urbinapascual@alcala.org,1-843-719-4087x,P,00039
00040,Hermelinda,CEVH350320SJ92,CEH150119THI,Centeno,Viera,1-669-975-1786x,vallejorafael@hernadez.com,+52(1)636869781,E,00040
00041,Francisco,ECMF391223BT87,ECF07122981Y,Echeverría,Murillo,1-540-811-9027,soledad34@corporacin.info,1-126-738-5340,P,00041
00042,Porfirio,LLPP260720TX90,LLP7512260Q5,Llamas,Pizarro,06657849546,esperanzalugo@negrete.com,682.617.5519x76,E,00042
00043,Alma,ALLA120605DF98,ALA040528J75,Alejandro,Loya,1-355-753-8999,ocarrera@hotmail.com,189.101.5427,P,00043
00044,Felipe,RISF231016SB71,RIF380522BLU,Rincón,Solís,(043)405-3075,rene66@grupo.org,(148)237-8994x5,E,00044
00045,Carmen,ECLC180710TJ85,ECC61072472K,Echeverría,Limón,+86(3)109799791,ojaime@rojo.com,1-531-603-9204x,P,00045
00046,Abraham,MAPA630427CV92,MAA571025I4G,Macías,Patiño,(192)120-8273,correahelena@duenas-marquez.com,09516129027,P,00046
00047,Virginia,AGTV770715PV31,AGV400219H3R,Aguirre,Tafoya,(957)856-9966x2,palaciosraquel@corporacin.com,(218)284-8704x7,E,00047
00048,Javier,URCJ590701MW89,URJ2406141Y2,Urbina,Cedillo,1-481-958-4285,bruno13@yahoo.com,855-758-6056x16,P,00048
00049,Emilio,DUOE281118QO50,DUE270121WZF,Dueñas,Orellana,(973)586-1282x5,aguileraisabel@razo-mejia.com,442-725-8351x78,E,00049
00050,Rebeca,COAR750922EI51,COR720910QW9,Cortés,Aparicio,098-017-0917,anel45@yahoo.com,+26(8)080396903,E,00050
00051,Gerardo,ROGG500107QY51,ROG150819EG3,Roque,Guajardo,131.659.4415x47,maximilianoviera@gmail.com,+04(1)090654459,P,00051
00052,Luis Manuel,PESL070323BC20,PEL190908KK0,Perea,Serrano,(490)271-9614x8,yeni73@gmail.com,(933)487-3605,P,00052
00053,Vicente,HELV340710VX14,HEV3903186D2,Hernández,Leiva,00864945191,gloria65@grijalva.com,1-776-287-8838x,E,00053
00054,Alejandro,BAAA880704UB22,BAA391013GD6,Baeza,Altamirano,091-047-4470x69,jassorosalia@hotmail.com,1-737-991-8460,E,00054
00055,Claudio,NIAC300302XW43,NIC8710298A2,Nieto,Aguirre,325-298-6199x08,quintanaramon@gmail.com,963-552-6314,P,00055
00056,Alta  Gracia,BAMA470713DJ64,BAA710523OPF,Balderas,Morales,(997)978-2841x1,esotelo@carrero-castillo.biz,(585)624-1344,P,00056
00057,Alfredo,CALA451223IN42,CAA410731AH2,Carmona,Luevano,+08(2)894782925,narvaezmayte@club.biz,1-558-344-2839,P,00057
00058,Ramiro,MATR270117TP79,MAR160103CF1,Macías,Tafoya,01333916974,terancristal@yahoo.com,(878)165-5099x1,P,00058
00059,Carlos,SALC010331HS81,SAC0305102RL,Salgado,López,(758)456-8166x4,yorozco@gmail.com,501.732.4392,E,00059
00060,Francisco Javier,MOMF311220BW22,MOF3212010O7,Montaño,Mireles,876-532-0336x07,ofeliabrito@despacho.net,891-048-5871x08,E,00060
00061,Delia,APBD181223QH49,APD130425HGV,Apodaca,Barrios,(536)371-5854x7,rinconaldo@valdivia.com,229.175.5345,E,00061
00062,Esteban,BRCE870805EH89,BRE920623MHU,Brito,Ceballos,(330)337-5843,estelagomez@hotmail.com,360-672-4287,P,00062
00063,Jonás,ARLJ120607TM68,ARJ860627E9U,Armendáriz,Lovato,722-715-2032,nrico@hotmail.com,833.599.7656x46,P,00063
00064,Salma,CAOS460322ET01,CAS390929JBA,Castro,Olivo,+76(2)287459959,sposada@laboratorios.info,(312)145-3683x3,E,00064
00065,Indira,ARGI720703OE15,ARI730623GG8,Arce,Gallegos,+62(2)824683652,rafael75@gmail.com,+65(0)015101724,E,00065
00066,Leonel,RAAL001213AD62,RAL430807ETK,Rascón,Almonte,139-290-7476x91,xaviles@yahoo.com,299.715.8659x46,P,00066
00067,Nadia,SAFN930525TS80,SAN69091209E,Saucedo,Fuentes,056-794-9658,cbarela@gmail.com,1-026-091-3323x,E,00067
00068,Yeni,PIPY231106EX58,PIY150718N31,Piña,Ponce,(740)226-2055,qesquibel@martinez.com,+65(1)401825556,E,00068
00069,Carlos,LESC730610VW50,LEC180210H1D,Leal,Soria,1-006-999-0700x,zavalaalberto@gmail.com,(344)059-8538x2,E,00069
00070,Óscar,ULDÓ221104TF35,ULÓ2210076RG,Ulibarri,de la Crúz,1-971-613-6851,qmiramontes@industrias.com,(423)751-6505x7,E,00070
00071,Ramiro,LUBR350721AS83,LUR7012292WV,Lugo,Berríos,(619)680-4667,magdalena29@gmail.com,(261)307-0335x3,P,00071
00072,Daniela,GUCD480217XU90,GUD1807242HL,Guardado,Crespo,+19(7)891450150,santacruzgeronimo@gmail.com,+59(4)960756029,P,00072
00073,Elsa,ARRE310514HA57,ARE810814YYH,Arredondo,Rincón,209-589-6513,ygamez@guerra.com,1-796-102-6647x,E,00073
00074,Laura,PACL361202KE20,PAL710115NSP,Padrón,Cardenas,1-144-657-2465x,lindaulloa@acosta.com,778.942.2615x15,P,00074
00075,Omar,CATO510217TV07,CAO12020634L,Cantú,Téllez,318.585.4093,de-la-ojosefina@yahoo.com,1-525-931-7383,E,00075
00076,Agustín,SUAA881206UM88,SUA520107FSV,Suárez,Archuleta,1-109-562-7076,xhurtado@gmail.com,08340846960,P,00076
00077,Silvano,TÉTS551105ZC31,TÉS450427TLM,Téllez,Torres,(448)095-0092x4,guillermina59@hotmail.com,02198237792,E,00077
00078,Ignacio,BAGI990526XO34,BAI170627PZF,Barrera,García,01231833462,eloisarodrigez@grijalva-zuniga.com,771.994.3764x95,E,00078
00079,Laura,BEGL941211BZ07,BEL38112383Z,Benítez,Garrido,1-082-730-6847,guillermo86@gmail.com,1-924-191-1960x,E,00079
00080,Adalberto,PEPA380608MB31,PEA680820YXE,Peres,Posada,1-229-554-9941,kcasanova@blanco.info,09558722173,P,00080
00081,Esteban,PABE880504XP61,PAE220104QC6,Palacios,Bétancourt,763.808.3861x34,sandra54@rosado.org,1-765-120-8965x,E,00081
00082,Benjamín,REEB360920PU94,REB1802027TK,Rendón,Espinal,830-776-6263x13,blancacastro@gmail.com,731-525-7098x24,P,00082
00083,Amelia,ULAA561125UG71,ULA861130RQT,Ulibarri,Arellano,434-532-5135,perezsandra@hotmail.com,065.732.6817x26,E,00083
00084,Marco Antonio,TIBM820522XJ76,TIM89071728A,Tijerina,Barragán,458-896-8800,arcelia98@yahoo.com,1-306-150-9851,E,00084
00085,Gabriela,GOLG990531PY39,GOG000202YEW,González,Loera,525-803-9386x01,quezadagabino@arce.com,(115)322-7105x5,P,00085
00086,Pascual,MELP011114ZP37,MEP621109BXH,Medina,Lemus,294-192-0578,juan74@yahoo.com,258.955.4838x68,E,00086
00087,Helena,VATH090126UD16,VAH600304FTA,Valenzuela,Treviño,445.303.8909,oliverlinares@carbajal.biz,01961313925,P,00087
00088,Gabino,CAPG781129AG55,CAG1501128CL,Caraballo,Pulido,402-751-6186,armandoalcaraz@marin-ulibarri.com,(129)060-9421x0,P,00088
00089,Óscar,ALMÓ720527EF14,ALÓ390721SYP,Alcaraz,Morales,1-096-716-3347,klovato@barrientos-velasquez.com,1-846-695-3885,P,00089
00090,Inés,SABI121217DE29,SAI830907YF6,Salgado,Barreto,(422)721-4011x0,arturomiranda@gmail.com,(723)658-7717x7,P,00090
00091,Estefanía,GUME780712KJ83,GUE091006UF6,Gutiérrez,Macías,869-843-5988x10,robledorene@despacho.com,440.616.4339,P,00091
00092,Úrsula,SAAÚ931107IY10,SAÚ180313UXM,Salcedo,Alemán,(330)095-2936,catalinavillalpando@hotmail.com,324.330.3725,E,00092
00093,Abraham,LUVA271020QE76,LUA74110315H,Lucio,Villalpando,911.890.7165,rmolina@corporacin.net,192-066-0736x83,P,00093
00094,Timoteo,TOMT710709NH00,TOT201206OQU,Torres,Meza,1-123-010-1734x,cespino@hotmail.com,865-390-1800x62,E,00094
00095,Emilio,PAAE431207GH15,PAE59062064H,Parra,Arreola,02421918717,torrezaugusto@despacho.com,1-081-896-2284x,E,00095
00096,Abraham,PORA960326JE26,POA730527P72,Portillo,Rodrígez,1-081-772-7555x,ceballoselias@gmail.com,01523162042,P,00096
00097,Gerardo,VAVG741228MV52,VAG270828BN0,Valladares,Villanueva,00957169412,qrodarte@gmail.com,402.691.1169x00,P,00097
00098,Darío,LESD830419HQ95,LED670707DZQ,Lemus,Segovia,917-967-9758,guillermoguillen@rosado.com,1-724-151-6984x,P,00098
00099,Dalia,MACD100911JL83,MAD361215R4K,Mata,Corrales,1-336-238-7721,wurena@hotmail.com,1-145-259-5247,P,00099
00100,Rosa,DÁBR610224IY84,DÁR140823PKP,Dávila,Ballesteros,514-899-8184x09,germanperales@club.net,026.289.9129x96,E,00100
00101,Yuridia,CEBY071012KF31,CEY411104A77,Ceballos,Bueno,229-403-8880,ballesterosalfredo@despacho.com,062.478.8368x39,P,00101
00102,María Cristina,HECM030416IY35,HEM0808025CZ,Henríquez,Corrales,801-078-9498,horaciocalvillo@gmail.com,614.568.0155x50,E,00102
00103,Rodolfo,GOBR441021KU30,GOR9803243WB,Gonzales,Baca,+25(4)684431902,bsanches@rodarte.net,1-224-551-8058,P,00103
00104,Esteban,DELE240617JJ90,DEE701002GKM,de la Crúz,Lerma,383.859.5944x06,cleal@gmail.com,(333)608-3210,E,00104
00105,Abel,COPA811121BD83,COA1808055SD,Cornejo,Pabón,789.484.8204x81,ortegarodrigo@carrasco-matos.com,(441)212-3280x2,E,00105
00106,Luis Manuel,ELHL981124MX05,ELL7212295T3,Elizondo,Haro,938-408-0821x18,sessa54@giron.com,(465)025-0491x8,P,00106
00107,Jacobo,VACJ190903GH00,VAJ310328HFE,Varela,Cepeda,+65(5)507808632,oballesteros@alcala-batista.com,1-882-736-1599,E,00107
00108,Mauricio,PAVM730531WU75,PAM130505DJD,Parra,Viera,+17(1)628222359,lorenzo85@gmail.com,972.870.9801,P,00108
00109,Catalina,PUMC660206AJ02,PUC40060190V,Puga,Monroy,356-003-4515,zavalaolivia@leon.com,+51(8)783497523,P,00109
00110,Alfredo,CAHA160731WR42,CAA211107TTZ,Camacho,Hurtado,375.662.3480x57,guerrerorebeca@benitez.com,589-418-3658,P,00110
00111,Benjamín,RISB591021OU58,RIB410717I30,Rincón,Soliz,304-455-6253x98,ana-maria11@industrias.com,1-812-667-0664x,E,00111
00112,Elias,MASE650730CE19,MAE800410V6Q,Madrid,Serna,628-213-8425x31,lilianapina@yahoo.com,(979)592-0491x9,P,00112
00113,Felix,RÍNF410816YH48,RÍF060727L3A,Ríos,Negrete,731-592-9459x21,germangaitan@urrutia.com,1-192-676-9221,E,00113
00114,Sergio,RUMS860219YL89,RUS0611192Y5,Rubio,Molina,(277)603-7789x5,ballesterosmonica@de.com,09073768602,P,00114
00115,Débora,ARND680201CW02,ARD160304EIZ,Aragón,Nieto,315-962-9189x41,badilloaldo@yahoo.com,(411)539-3216x4,E,00115
00116,Teodoro,COTT470325OO39,COT740307C2A,Colunga,Tapia,1-429-945-3978x,rebeca27@hotmail.com,1-617-651-2823x,E,00116
00117,Víctor,LUNV030129AH36,LUV031004RGJ,Luna,Noriega,386-141-8177,badilloelvira@hotmail.com,(336)051-9841x1,E,00117
00118,Vicente,REQV301120YI34,REV3701138LP,Rentería,Quiñones,08220174666,baleman@laboratorios.com,691.257.2160,P,00118
00119,Victoria,PEGV921007WF09,PEV291223MOG,Pedraza,Godoy,(270)818-9939x0,reynaldo22@gmail.com,847-248-7735,E,00119
00120,Jaqueline,NAMJ450930KZ28,NAJ371128AEE,Naranjo,Montez,(116)484-6015x6,hilda42@despacho.net,(676)362-7333,P,00120
00121,Elisa,LAUE140211DU84,LAE821121CFR,Laureano,Uribe,543-266-7589,ltafoya@hotmail.com,407-914-5635x98,E,00121
00122,Catalina,VAGC920507YZ57,VAC3006271L7,Valdez,Galindo,1-639-504-5684x,wzamudio@gmail.com,093-024-9411,P,00122
00123,Rafaél,JAAR440131CV37,JAR02102704L,Jaimes,Alonso,(563)958-6611x2,nbrito@yahoo.com,411-437-2060x77,P,00123
00124,Nelly,BACN950224WE45,BAN0801103DT,Barela,Collado,1-624-981-6485,hugo97@gmail.com,+70(6)931290764,E,00124
00125,Abigail,LOBA210910ZI67,LOA240810EDL,Lovato,Botello,1-376-231-8501x,xchavarria@gmail.com,1-425-444-0345,E,00125
00126,Karina,CHBK450219JC60,CHK091230M6Q,Chávez,Burgos,864-421-7998,dmelgar@hotmail.com,286-998-0051x15,E,00126
00127,Amador,OLGA250104QD59,OLA3610132SF,Olivárez,Guardado,1-900-619-2075x,joaquincotto@yahoo.com,(036)251-4737x6,P,00127
00128,Natalia,BAAN791116KH99,BAN201016PKU,Barreto,Aranda,1-370-117-1662,barriosperla@gamez.com,807-442-4658x87,E,00128
00129,Dolores,PROD111111VD03,PRD8502177GW,Prieto,Ordóñez,+33(5)654857689,vazquezomar@irizarry.info,1-276-050-4323x,E,00129
00130,Víctor,ROCV120317VM26,ROV690604N4U,Rojas,Cardona,973-783-8809x75,ivanceballos@yahoo.com,006.450.6159,P,00130
00131,Ernesto,BEME780517QB73,BEE581017SVV,Benavídez,Matos,1-023-066-8986,miguelvaladez@grupo.com,04128009351,P,00131
00132,Judith,LIVJ430401LV01,LIJ130112V9W,Limón,Villanueva,(054)962-8678,sergiopadron@club.com,579-710-8738,E,00132
00133,Ivonne,ABUI110111VO54,ABI761011LE1,Abrego,Urías,1-065-980-8931,alejandrovasquez@despacho.org,1-720-700-7053,E,00133
00134,Ramón,PAMR190220VM36,PAR1908244F4,Pantoja,Maldonado,090.545.0039,scuellar@corporacin.com,(653)533-9911,P,00134
00135,Elvia,FEPE160516YI16,FEE250602138,Fernández,Portillo,876.867.0968,evaconcepcion@cordova.com,(508)969-4328,P,00135
00136,Francisco Javier,TEPF491101WR81,TEF0907078YI,Tejada,Padilla,1-182-587-2934x,tellezrene@yahoo.com,1-697-336-5269x,P,00136
00137,Guillermina,ARVG490302WU25,ARG170426XVH,Arce,Villalpando,177.230.6959x65,irenepena@hotmail.com,575-861-4694x73,E,00137
00138,Elena,COBE961105AM00,COE450122IBE,Contreras,Báez,736-266-4147x88,figueroaabril@club.com,597.479.7059x36,E,00138
00139,Zeferino,LATZ000110ZS11,LAZ500221AJH,Laboy,Tijerina,05840980698,juarezana-luisa@gmail.com,1-619-365-5104x,P,00139
00140,Isaac,VICI220626LP90,VII410406X38,Villa,Carrión,(682)442-0140,cornelio69@gmail.com,169.290.3410x28,E,00140
00141,Luis Miguel,SARL890505US22,SAL000611TTI,Saiz,Rael,891.162.8453,uriel76@huerta.net,+14(0)687482077,E,00141
00142,Elena,NIME340521SQ81,NIE020911GNW,Nieves,Madrid,09490627771,salcedouriel@hotmail.com,(861)230-2162x4,E,00142
00143,Ilse,REBI990907QW42,REI820117O5S,Rendón,Benavides,(986)132-0058x0,emiliomontero@gmail.com,134.297.0984x37,E,00143
00144,Daniela,COMD491210CM46,COD410704P2Q,Corona,Márquez,(906)534-5307x8,graciela60@laboratorios.net,090-550-7604x07,E,00144
00145,Arcelia,ESMA690304PZ18,ESA221219RFN,Espinoza,Monroy,688.274.0435x61,mendezaida@yahoo.com,414-742-6775x28,P,00145
00146,Mauro,VAOM750519LB87,VAM290326DGZ,Valle,Ortiz,(877)144-9164x4,morozco@roque.com,511.694.7011,E,00146
00147,María del Carmen,URPM050602XM26,URM201006MPD,Uribe,Palomo,05660681883,estefania57@gmail.com,(028)170-7076x9,E,00147
00148,Daniel,ZAMD111026TU54,ZAD8107042UY,Zaragoza,Manzanares,006-917-5909x77,velaaldonza@valdes.info,03815242729,P,00148
00149,José María,ENSJ200224DP57,ENJ88081122S,Enríquez,Soto,(084)214-7391x2,rosalia54@grupo.com,183-479-0172x33,E,00149
00150,Hugo,NIFH590822IM12,NIH4705064I2,Nieto,Fajardo,(336)550-0843x8,pascual55@yahoo.com,1-108-106-1973,E,00150
00151,Antonio,GAEA130205MP24,GAA6203050GO,García,Elizondo,143.560.0346x34,isaac81@hotmail.com,728.504.9920,P,00151
00152,Lorenzo,BUML510329OU64,BUL710919GTK,Bustamante,Montañez,1-302-306-8146x,ivangriego@davila-candelaria.com,923.777.6972,E,00152
00153,Inés,SOSI890624RY53,SOI131121E5S,Solís,Salas,661.376.3802x46,knevarez@yahoo.com,06044301314,P,00153
00154,Adriana,MEAA500406WC56,MEA2110167CW,Menchaca,Aponte,1-970-180-4284,teresa42@miranda.com,074.776.6819x29,P,00154
00155,Camilo,JIMC180211BO94,JIC77072827O,Jiménez,Marín,1-924-533-7149x,cdelgadillo@gmail.com,438.867.2601,E,00155
00156,Leonor,SAML950311GI08,SAL5008158JY,Saiz,Marín,982-529-7024x07,jose97@hotmail.com,(705)349-4140x4,E,00156
00157,Aida,COSA281226EK75,COA901201IF7,Corona,Solís,210.380.5177,apontesalma@gmail.com,1-870-820-7465x,P,00157
00158,Noemí,PEFN820926XD04,PEN750417J2J,Peres,Fajardo,03473756466,archuletapedro@melendez-figueroa.com,(134)281-9603x4,E,00158
00159,Margarita,VAZM170504GR44,VAM020816SGT,Valencia,Zúñiga,435-551-9984x74,rolonluz@hotmail.com,251.639.2700,E,00159
00160,Adalberto,VIAA000820NB13,VIA311216775,Villalobos,Arroyo,(060)402-8034x4,gguzman@preciado.net,1-970-147-6963x,E,00160
00161,Rebeca,DEMR950622HU02,DER210120BFL,de la Torre,Magaña,(554)463-0851x4,rodrigoalba@hotmail.com,459-391-8914x99,P,00161
00162,Alma,ELRA141005ZT25,ELA150723MZQ,Elizondo,Rojas,1-778-592-6258,abelardo51@palomino.com,986-867-4237,E,00162
00163,Bernabé,VEAB940428WM87,VEB620724KKJ,Verdugo,Aguayo,1-029-432-8418,juarezivonne@despacho.net,(489)972-1700,E,00163
00164,María Elena,TONM160307JJ78,TOM370315UWR,Toledo,Navarrete,1-232-917-5781x,herediagabriela@altamirano.com,859.160.9472x29,P,00164
00165,Lilia,TIGL061102YA54,TIL081231OP1,Tijerina,Girón,883-152-5117,gfierro@gmail.com,1-926-226-4122x,E,00165
00166,Yolanda,MOVY800414CM13,MOY0212135UK,Mondragón,Valenzuela,(016)661-1487x5,santiagosalma@yahoo.com,(657)312-1695x4,P,00166
00167,Susana,ORPS751013DN66,ORS151002CSR,Ornelas,Paredes,997.310.2471x30,ricocristina@cepeda.com,1-522-505-9209x,E,00167
00168,Victoria,TISV590628IH10,TIV261227Y0C,Tirado,Suárez,(409)857-1210,carreraabigail@despacho.com,412-971-9064x52,P,00168
00169,Marisela,QUSM950701KP75,QUM990602U0O,Quiñónez,Sánchez,882.598.6982,cvalencia@gmail.com,049.188.2265x77,E,00169
00170,Norma,RIRN901002EG15,RIN220928YO3,Rivero,Ruelas,(692)337-9347x3,lperea@hotmail.com,328.207.2597,E,00170
00171,Zoé,ACVZ230919FT37,ACZ5809054KW,Acosta,Villareal,01971492945,salaseugenio@madrid.com,974.292.3332x42,P,00171
00172,Norma,BEJN901023GO96,BEN82022107J,Beltrán,Jasso,1-793-388-5259,anguloariadna@quiroz-montero.org,(471)088-1261,P,00172
00173,Gerónimo,RUOG050104VT41,RUG551129CEZ,Ruelas,Osorio,(324)182-9957,centenoanabel@yahoo.com,530.820.4741,P,00173
00174,Alberto,MELA140225MX26,MEA1606019IO,Menchaca,Luna,260-634-7348,yoquendo@pineda-regalado.com,(341)675-3173x9,E,00174
00175,Amelia,VÁMA270415VW69,VÁA6001209L4,Vásquez,Manzanares,(148)515-3786x2,jbecerra@industrias.net,400.137.9755,E,00175
00176,José Eduardo,OLPJ760326GB13,OLJ960507EOF,Olivo,Pedraza,(628)905-8051x0,antonia11@figueroa-preciado.com,+75(6)056043098,E,00176
00177,Maximiliano,CEVM940125ZI72,CEM8808229OF,Cervantes,Vallejo,+11(8)752384297,genaroespinosa@yahoo.com,(503)240-8206,E,00177
00178,Florencia,VERF610424XX27,VEF390528CEP,Velázquez,Rincón,04114059636,dpina@guardado.info,+52(9)551624220,E,00178
00179,Hugo,MAAH410614AW53,MAH580523UMG,Maya,Alonso,1-056-536-2354,mojicarene@industrias.org,(820)086-6376x2,E,00179
00180,Karla,VENK240302TT24,VEK07120569S,Verduzco,Negrón,1-646-825-9113x,gabrielasaenz@montanez-gallardo.com,950-169-8670,E,00180
00181,Florencia,ESMF560502WK95,ESF240921MWC,Escobar,Madera,1-106-991-4504x,ngomez@yahoo.com,1-389-936-2800x,E,00181
00182,Yeni,OLOY210121GW99,OLY170918SPJ,Olivo,Olivera,(806)180-5186x2,guadalupeolvera@yahoo.com,837-601-5411x88,E,00182
00183,Miguel Ángel,PECM521217NU00,PEM600407G7J,Peres,Carranza,(551)704-9984,arenaskarla@corporacin.com,(432)330-8507x6,E,00183
00184,José Manuél,SAVJ410116TA38,SAJ831002L19,Saldaña,Venegas,06339631357,rmunguia@benavidez.com,+66(5)399347821,E,00184
00185,Celia,AMSC411104GE79,AMC4107112R1,Amaya,Salcedo,1-628-484-2484x,ana-luisanazario@hotmail.com,+30(8)839781365,P,00185
00186,Cristal,FEVC180505XM12,FEC151212ZKY,Ferrer,Véliz,314.453.6850x05,emiliano45@zamora-saenz.biz,04276743395,P,00186
00187,Minerva,GAEM920603YX76,GAM690104U57,Galarza,Escamilla,(975)346-8005x3,ramonines@grijalva.com,(203)329-9208,E,00187
00188,Eloy,TÓPE030813TM58,TÓE780309A92,Tórrez,Paredes,1-316-376-5552x,rgaray@hotmail.com,(436)330-8984,P,00188
00189,Micaela,QUGM700224OO77,QUM191127XYW,Quintero,Gurule,485-866-9496,deboraozuna@hotmail.com,1-668-890-2872,P,00189
00190,Mónica,ALRM840813PM91,ALM651125N6J,Alcala,Reynoso,939.290.3934,falmonte@gmail.com,806-221-7681x98,P,00190
00191,Carmen,MORC310123ZE03,MOC130917Y5M,Mora,Rodríguez,564.484.4321,olivercollado@gmail.com,689.547.0749,P,00191
00192,Micaela,GUCM590722RE87,GUM240522LJ4,Guerrero,Cabán,753.130.2176,xruelas@gmail.com,812.216.4834x72,E,00192
00193,Estela,CAME670414JG37,CAE1707160F6,Cardenas,Molina,1-102-148-6322,xgriego@gmail.com,+56(1)212041686,E,00193
00194,Fabiola,LUVF471219OS97,LUF540706BY8,Lugo,Vázquez,(627)907-4235,salinasalfonso@porras.com,(885)729-9502x8,P,00194
00195,Alberto,ELPA900518FP31,ELA400720E3A,Elizondo,Palomino,(042)669-8334x6,yuridia37@hotmail.com,1-379-689-4665x,E,00195
00196,Santiago,MEGS141104JK55,MES461121GS9,Mercado,Galván,(322)866-5407,emiliano20@gmail.com,08491213382,E,00196
00197,Laura,ROEL431220PY73,ROL510622RZR,Rodarte,Esparza,(123)839-6909,martinezesperanza@club.org,486-995-1556x85,E,00197
00198,Diana,PEFD180110WY52,PED310206YR7,Pelayo,Figueroa,026.446.1622x61,rubenlaboy@yahoo.com,755-855-0948,P,00198
00199,Verónica,BOUV470130RK58,BOV530922IQK,Borrego,Urrutia,02210794063,negretenancy@proyectos.com,08443466616,E,00199
00200,Eloy,CIGE350327GQ51,CIE050709S6Z,Cisneros,Gamboa,+38(0)190891520,nelly57@despacho.com,962.074.7736x61,P,00200
00201,Luz,CABL821210NV74,CAL330908P3O,Casas,Barrera,601-413-3792x90,espartacocastellanos@corporacin.com,1-518-395-1923,P,00201
00202,Claudio,PAGC920823OB09,PAC250730NK2,Pabón,Guzmán,(696)452-0833,vapodaca@despacho.com,07225169029,E,00202
00203,Aurelio,BUAA351004QI29,BUA3702097P0,Burgos,Alba,1-032-394-5560,nancymendez@gmail.com,803.445.0369x55,E,00203
00204,Luis Manuel,SAAL500410GC57,SAL730226W19,Saldivar,Arteaga,434.403.5516x40,itzelbenitez@hotmail.com,879.900.1474,P,00204
00205,Judith,VASJ060703JI60,VAJ431215OE4,Valle,Salas,405-373-6633x42,guadalupe54@gmail.com,+41(7)190217369,P,00205
00206,Uriel,MADU280120YY63,MAU220424T83,Mascareñas,de la Rosa,(316)524-1703,zcorral@lara-granados.com,1-547-966-9620x,E,00206
00207,Camilo,SAMC140629JO56,SAC220424RQM,Santiago,Meraz,1-916-014-2697,laboyfrancisca@hotmail.com,+03(9)741889155,P,00207
00208,Sara,CAMS450103XZ79,CAS290130436,Carrillo,Marín,1-587-263-5716x,alfonso52@gmail.com,(039)748-4468x6,E,00208
00209,Alejandro,POSA681231VU50,POA9808115WG,Ponce,Sosa,194.760.9399,alonsonoriega@gmail.com,420-204-6537,E,00209
00210,Joaquín,ARSJ191129ML79,ARJ820607CHL,Armenta,Santiago,(191)746-7971,luis-miguelcazares@yahoo.com,+97(5)970496874,P,00210
00211,Olivia,FAFO850816XF05,FAO1405098UG,Farías,Fierro,858-671-9118,hde-la-garza@hotmail.com,(915)248-8803x2,E,00211
00212,Andrea,SOVA860420FA19,SOA2907304YV,Solís,Velázquez,357-785-3033x00,vasquezclemente@grupo.biz,560.445.3971x68,P,00212
00213,José Manuél,ZANJ320331ZZ41,ZAJ130513YSG,Zaragoza,Negrete,171.318.5215x70,felixperez@grupo.com,(596)345-2752x4,P,00213
00214,Renato,OLOR520430ZX42,OLR250621HXW,Olivera,Olmos,(486)239-2827x9,rperes@dominguez.info,(153)964-8982,E,00214
00215,Rufino,FIGR130209RO53,FIR530222YAN,Fierro,Gracia,+82(6)107401127,zfernandez@vigil-curiel.com,(683)049-8208x0,E,00215
00216,Alejandro,CALA660710YL85,CAA66021592K,Castellanos,Longoria,03636714840,parroyo@corona.com,1-707-669-3436,P,00216
00217,Rufino,VISR100519BV80,VIR620214Y74,Villegas,Soria,590.748.4900x01,marisolcastellanos@hotmail.com,+53(8)022029986,P,00217
00218,Pablo,DUCP980127VW40,DUP19041967M,Dueñas,Cuellar,+04(1)482551346,mconcepcion@hotmail.com,337.088.8468x64,E,00218
00219,Fabiola,ORMF710622BK08,ORF660503DMM,Ornelas,Meza,017-203-2981x38,juana37@hotmail.com,525.755.7157,P,00219
00220,Clemente,BRPC971002OY09,BRC370408AH8,Brito,Pacheco,(052)909-1418,fabiola60@hotmail.com,1-132-890-3558x,P,00220
00221,Sergio,PAGS090412AW92,PAS1509158I2,Paz,Gaitán,1-337-765-6590,irmasarabia@mena.com,230-225-9415x99,E,00221
00222,María Eugenia,ALMM450818VN58,ALM341026ZOS,Alemán,Miranda,326.883.2458x93,paolarangel@hotmail.com,466-088-1297,P,00222
00223,Helena,FRNH990201NY43,FRH09040489C,Franco,Navarrete,(402)063-7851x3,prietoleticia@cedillo.com,(684)992-7415x8,P,00223
00224,Berta,PALB751222OT78,PAB1302182KJ,Palomo,Lebrón,129.751.2418,rufino27@gmail.com,1-266-809-9364x,P,00224
00225,Salma,HUGS860222RC79,HUS030119AG0,Hurtado,Gracia,1-361-514-6684,franciscomonroy@proyectos.com,812-501-7936,P,00225
00226,Estefanía,APBE641112UC17,APE120821PMU,Apodaca,Bustos,+32(6)744764024,alejandraojeda@gmail.com,+76(5)726593187,E,00226
00227,Rosario,PALR210620ZT04,PAR360912I4O,Partida,Lomeli,1-970-770-7544,ramiroramirez@irizarry.net,886-866-0700,E,00227
00228,Jacinto,CACJ630605SQ84,CAJ730802AW6,Cabrera,Cazares,1-306-523-2167x,tejedaangel@corporacin.biz,739.090.6640x54,P,00228
00229,Hernán,DERH440624MK23,DEH900512ZW7,de la Crúz,Robles,473.081.0598,miguel97@hotmail.com,356.549.5104x04,E,00229
00230,Eloisa,RORE760726SJ99,ROE490325Y2O,Rodríguez,Rentería,(131)916-9270,ssuarez@yahoo.com,451.995.4538x71,E,00230
00231,Porfirio,MATP380122XM12,MAP960108BCS,Macías,Téllez,(391)416-5214x7,nayeli88@hotmail.com,(527)091-8050x9,E,00231
00232,Eduardo,CAJE480730EF69,CAE690312O5D,Casillas,Jaime,259-516-6261,xcorona@de.com,504.523.9611x39,E,00232
00233,Antonia,LÓDA860227EX97,LÓA1710035JR,López,de la Fuente,1-391-763-1413,cornejohilda@gmail.com,1-694-329-5982x,P,00233
00234,Soledad,ALRS360128WP74,ALS1209119B9,Alvarado,Reyes,(260)267-8430,fernandocasas@hotmail.com,1-469-630-3498,P,00234
00235,Miriam,DEMM750726DD25,DEM320802TVJ,de la Garza,Macías,604-780-5470,inesromo@yahoo.com,1-880-162-7446x,E,00235
00236,Nicolás,GÁMN240513YV40,GÁN550407A6N,Gálvez,Méndez,1-889-682-1939,davilaantonia@amador-olvera.com,599.952.1779x99,E,00236
00237,Ramón,ANVR840515GN02,ANR420606OLT,Anaya,Valentín,1-966-268-0048,virginia47@yahoo.com,873.820.0588x96,P,00237
00238,Timoteo,NAST151129TG15,NAT200624K2K,Nava,Saucedo,209.464.6523x87,catalinamadera@club.com,1-754-195-0465,P,00238
00239,Rosalia,ESTR850320XW84,ESR051027VTA,Espinosa,Terrazas,166-483-3160x92,lorenaangulo@hotmail.com,09752983914,P,00239
00240,Omar,ESAO991204XM89,ESO070811EL2,Escobar,Abreu,(797)989-7863,munozblanca@sanches-razo.com,1-583-518-6525,E,00240
00241,Socorro,URHS150803XB49,URS9802081T6,Urrutia,Hinojosa,745.485.0324x47,yarevalo@gmail.com,825-333-6292,E,00241
00242,Linda,ZEAL560103ET32,ZEL0802047Z1,Zelaya,Arias,224-151-7735x78,karla45@vazquez-godoy.info,032.807.4348,E,00242
00243,Jerónimo,VÉSJ531117MK78,VÉJ091225IPH,Véliz,Solorzano,1-985-238-0375,cristina87@curiel.com,1-630-926-8640,P,00243
00244,Paola,BATP410301DI66,BAP320718PFB,Balderas,Trejo,912-795-8048x08,olivaresyeni@valenzuela.net,+10(7)317216030,E,00244
00245,Eloisa,PUVE571008ZB55,PUE480628MET,Pulido,Vázquez,390-164-3279x14,ornelasgabriela@industrias.com,1-388-753-3174,P,00245
00246,Socorro,ACAS220113TG71,ACS191130LUO,Acosta,Alvarado,941-037-3079,pelayoramiro@hotmail.com,206.493.9020x82,P,00246
00247,Óliver,NAGÓ401101HJ57,NAÓ300505UHN,Narváez,Gallardo,744.594.0902,xlozano@gmail.com,651-261-3946x17,P,00247
00248,Anabel,GUSA601208TW26,GUA090704ZQP,Gutiérrez,Salcido,(050)192-0506x3,rivasminerva@amaya-rolon.com,1-276-813-7094x,E,00248
00249,María José,CHVM621110SP09,CHM020204GB7,Chávez,Vaca,1-679-587-6997x,estela79@hotmail.com,(158)628-2826,E,00249
00250,Alma,ALOA881227YX00,ALA670823C14,Alba,Olivera,1-129-583-1659x,gbaez@gmail.com,(214)819-3836x9,E,00250
00251,Liliana,GÓAL640624GW00,GÓL441201QZ1,Gómez,Apodaca,248-719-7071x30,octavioraya@grijalva.net,+94(7)468452069,E,00251
00252,Santiago,VERS241220NA76,VES920105EC8,Velázquez,Romero,+29(2)260716763,teresaperea@yahoo.com,543-149-6526x85,E,00252
00253,José María,OTVJ551110SX48,OTJ850525SAE,Otero,Valle,1-941-478-4146x,tsevilla@navarro-posada.com,1-472-344-1168x,E,00253
00254,Bruno,MEOB610206QF95,MEB171219OWX,Mena,Ojeda,405-293-1374x06,rebecairizarry@vallejo.info,(572)905-8336,E,00254
00255,Cecilia,HERC290521CT67,HEC7803077UQ,Hernández,Rivera,277-093-3276,guillermo74@grijalva-rolon.com,(410)589-8763x9,P,00255
00256,Benito,CAVB370120VY72,CAB320511R11,Candelaria,Villarreal,(096)017-2822,aliciasosa@guerra-ornelas.biz,+28(0)514312160,E,00256
00257,Emiliano,BESE120303ZC94,BEE630524AB9,Bermúdez,Sierra,906-944-7971,maria-cristinacano@cisneros-elizondo.com,041.487.6270,P,00257
00258,Zeferino,QUPZ730803RO45,QUZ970919U3U,Quintero,Paredes,(079)292-6568x2,esther91@quiroz-arenas.org,427.334.9084x50,E,00258
00259,Rosario,RATR450314KB89,RAR740701NVV,Ramírez,Tamez,+57(2)613741277,mejiamiriam@industrias.com,630-815-0242,E,00259
00260,Gerónimo,CATG620426SO68,CAG680805GUU,Cabrera,Trejo,08108090676,rafaelarreola@galvez.net,727-426-4314,E,00260
00261,Jaime,BAFJ090313IH40,BAJ48051041A,Baeza,Figueroa,+95(5)324697578,jacintoguardado@corporacin.com,373-399-2021x24,P,00261
00262,Elvia,MAUE870702LI93,MAE080919MS3,Maldonado,Ureña,1-172-629-6406x,hermelindamarrero@jaime.net,1-195-327-4060,E,00262
00263,Isabel,LEAI471107LD09,LEI721021C1W,León,Alejandro,+28(0)140859861,carrillojudith@gmail.com,572.093.8941x37,E,00263
00264,Helena,GODH130213MP97,GOH440313N45,Gollum,Dávila,1-147-341-4954,carranzamiriam@carrillo-tapia.com,07495264799,E,00264
00265,Dulce,BACD030504KM52,BAD151119QV5,Balderas,Cintrón,380-806-0839x03,oscarmuro@laboratorios.net,1-015-754-1449x,P,00265
00266,Eduardo,RIBE481114LN62,RIE250309HE2,Riojas,Bétancourt,04062634807,wcarrion@ramon-gallardo.com,+53(6)911518554,P,00266
00267,Cristina,LELC310506AQ95,LEC320531R4U,Leal,León,(931)711-2145x2,puenteconcepcion@diaz.info,1-270-430-3184,E,00267
00268,Juana,PAAJ140122ZM54,PAJ1405146G7,Palomino,Armas,797-822-4140x22,maria-josearagon@hotmail.com,301-774-1001x25,P,00268
00269,Uriel,MAAU060420CO08,MAU131006JEB,Madera,Arredondo,1-766-194-5610x,ricardo61@parra.com,264-063-7003,P,00269
00270,Nayeli,ZELN160523AE38,ZEN151118GZF,Zelaya,Lira,527-745-0610,abigail78@hotmail.com,893.570.5788x51,E,00270
00271,Clara,VIRC950401EV38,VIC381017ZN5,Vigil,Rosado,1-264-579-0448x,modestoaguilera@gmail.com,1-789-931-9425,E,00271
00272,Abraham,GUVA100729ZN61,GUA220914DL9,Guajardo,Venegas,(127)378-6256x4,armando11@collado-carbajal.com,09276594301,P,00272
00273,Clara,BATC500504MG25,BAC670905ZYC,Batista,Terán,897.807.5445x02,rodolfovillarreal@hotmail.com,(402)028-1766x3,P,00273
00274,Zeferino,SAMZ241121UZ50,SAZ740127Y0B,Saldivar,Mireles,881-840-8817,saldanacamila@pizarro.org,202.143.3425,P,00274
00275,Amador,CRCA320115MA33,CRA280422GBS,Crespo,Corrales,839.438.5223x45,tmarin@industrias.org,142.027.3801x46,P,00275
00276,Rafaél,SAMR891107GT13,SAR1408183DR,Sarabia,Mora,(606)479-0523x4,francodulce-maria@gmail.com,1-987-657-0190,P,00276
00277,Mauro,ABYM941120WG39,ABM850410H1P,Abrego,Ybarra,+88(0)704778060,madridyolanda@gmail.com,(769)896-2785,P,00277
00278,Héctor,REEH700314WG66,REH150330HXT,Reyes,Espinal,799.519.3159x96,marespablo@gmail.com,1-663-726-6438,E,00278
00279,Luisa,NATL540503QT16,NAL160910A9Y,Navarrete,Tamayo,1-321-760-5795x,pulidoisabel@despacho.net,+88(4)244230704,E,00279
00280,María Teresa,CELM590117MH94,CEM6907274B2,Cepeda,Lovato,859-475-7130,lunaestefania@industrias.com,1-861-119-0010x,E,00280
00281,Marisol,VECM310328NY78,VEM860825GO2,Vela,Cazares,205-989-9877x01,vfarias@gmail.com,1-371-558-0715x,P,00281
00282,Benjamín,GACB601220ZX29,GAB2210055T6,Galván,Carmona,(020)265-2989x6,carmonaisabel@gmail.com,101.540.5909x55,E,00282
00283,Patricio,TRBP830612KX50,TRP3112195YX,Trujillo,Bañuelos,690-647-7724x06,gurbina@cardenas.com,1-055-591-9074,E,00283
00284,Claudia,GROC151004ED25,GRC020322GJD,Grijalva,Olivares,1-245-456-7891,marianomunguia@salgado.biz,+31(6)144228070,E,00284
00285,Diego,NACD850426CW48,NAD890704HOE,Naranjo,Chapa,1-260-058-8529,de-la-torreofelia@sarabia.biz,782.150.4057,P,00285
00286,Cristobal,SATC191129QH25,SAC8604296FD,Salcido,Tamayo,(650)795-5151x6,salasgabriel@yahoo.com,784.945.2889,E,00286
00287,Karla,COPK840425IZ66,COK150425IVN,Corona,Peres,821-687-9293,brunocornejo@tellez.com,07217706604,P,00287
00288,Leticia,ARVL880605FZ42,ARL180915S5G,Archuleta,Valladares,167.698.8405x67,lourdesde-la-cruz@yahoo.com,587-712-2043,P,00288
00289,Rodolfo,TOFR130719HF31,TOR680505SF9,Toro,Flores,772-481-9791,kzepeda@corporacin.biz,955.593.5419x67,E,00289
00290,Genaro,MEEG590111XQ81,MEG730828RG2,Mendoza,Escalante,(515)825-0372,figueroaamador@yahoo.com,978.439.1111x54,P,00290
00291,Paola,PEBP090125BY44,PEP191111W4I,Pedraza,Báez,624.091.2912x53,jose32@miranda-balderas.com,863-737-2175,P,00291
00292,Vanesa,CAAV011230QY80,CAV7903246Q1,Carrillo,Abreu,1-338-799-2318,abraham56@hotmail.com,1-258-902-4111x,E,00292
00293,Eric,CAPE290208PK21,CAE850216ROA,Cadena,Ponce,(909)863-2371x1,rojasblanca@gmail.com,03305905907,P,00293
00294,Elvira,QUVE720625IF01,QUE5902156WV,Quiroz,Valverde,1-442-745-8134x,maria-cristinaalonzo@cruz.org,1-123-200-4506x,E,00294
00295,María del Carmen,ZAAM230623KL09,ZAM350505XPZ,Zavala,Acevedo,+70(4)772503070,monroycarlota@despacho.com,05723629803,P,00295
00296,Isaac,GRMI461108VZ88,GRI661123MK3,Granado,Mateo,575.978.3883x54,benitomatos@grupo.org,318.301.6724,P,00296
00297,Francisca,MUMF231120JV26,MUF260911H42,Murillo,Meraz,(497)954-7881x6,jeronimo99@gmail.com,1-904-749-6102x,E,00297
00298,Guillermo,VAHG590921XM76,VAG780104F6E,Vargas,Hernandes,559-433-6051x33,carrascojosefina@hotmail.com,465.664.9126x95,P,00298
00299,Darío,AGCD151123NI30,AGD440625GRT,Aguilera,Correa,286-291-2381,montesandrea@yahoo.com,(804)794-0340x9,P,00299
00300,Karla,REAK120109QQ43,REK090222N00,Rendón,Anguiano,338-205-3222,clementearriaga@hotmail.com,191-349-5283,E,00300
00301,Jorge,CAPJ940718NN05,CAJ210303857,Calvillo,Padilla,1-986-995-6220,ilse50@villasenor.com,(476)653-0314x8,E,00301
00302,Francisco,OZTF971111SM64,OZF0003012X3,Ozuna,Tirado,394.546.8663,valdesrene@rosado-briseno.com,+19(0)610552035,P,00302
00303,Aldo,TASA150904JR21,TAA1507125BU,Tafoya,Santiago,965-652-5334,elviaheredia@yahoo.com,334.038.9449x01,P,00303
00304,Ramón,GÓAR451122LO70,GÓR0909212VS,Gómez,Arriaga,07612866745,xde-la-cruz@grupo.com,375.257.6255,P,00304
00305,Esther,VAME190201QW21,VAE5705164QK,Valladares,Mendoza,1-100-633-2644x,zacarias35@proyectos.com,1-348-069-0816x,E,00305
00306,Zacarías,BUMZ010814SC40,BUZ521206VMM,Bueno,Miranda,(076)327-9363,nancyotero@yahoo.com,(632)340-6661,P,00306
00307,Luis Manuel,VEAL250412PG55,VEL680209RC2,Velasco,Aragón,015-424-8571x69,espartacozedillo@yahoo.com,(691)648-3452,E,00307
00308,Violeta,ZÚPV110813ZR39,ZÚV020705R27,Zúñiga,Preciado,568-431-7119x64,emadrid@fajardo-morales.com,1-822-284-8436,P,00308
00309,Eric,DUGE801226GK94,DUE280417ZPH,Duarte,Guajardo,09084645529,marco-antonioespinosa@gmail.com,(843)653-6742x4,E,00309
00310,María Teresa,SAPM100702FT72,SAM0006261GQ,Salcedo,Paz,1-533-169-8822x,ybarrajonas@yahoo.com,1-559-002-6499x,E,00310
00311,Horacio,LUGH550501MF75,LUH340527AM6,Luevano,Gálvez,139.283.8860x67,rgonzalez@corporacin.net,(369)807-0150x1,P,00311
00312,Ana,JABA150414PY55,JAA800919Y7V,Jaramillo,Botello,(438)553-4709,parrasilvano@chapa-preciado.com,629.312.6599,P,00312
00313,Mauricio,JAPM481019XK78,JAM090528XKI,Jaimes,Prado,1-990-421-1015,alejandropabon@industrias.biz,(125)637-8672x4,E,00313
00314,Óscar,TRZÓ220802GD78,TRÓ430208TW7,Trejo,Zapata,(899)486-8658x5,gironadriana@corporacin.net,099.113.2152x97,P,00314
00315,Óscar,CHCÓ841125HZ46,CHÓ461215GX8,Chavarría,Cuellar,518-613-7302,gsoto@yahoo.com,+89(4)767283463,E,00315
00316,Arcelia,VEGA770409YH15,VEA041022V89,Vela,Garrido,(380)611-0916,gracielamarrero@yahoo.com,233-018-8255,P,00316
00317,Ruby,MÉRR650503QB22,MÉR680916SX4,Méndez,Rangel,(497)093-4948x9,cesarmascarenas@gmail.com,041-986-9515x44,P,00317
00318,Paulina,SEOP150913TE52,SEP7801186AU,Segovia,Olivárez,977.302.5110x00,portillosilvia@reyes-perea.com,1-623-612-9691,E,00318
00319,Genaro,MAMG170423AF86,MAG480722B55,Martínez,Márquez,(746)766-7326x1,jeronimo92@hotmail.com,00099870344,P,00319
00320,Miguel,ROMM160212RH03,ROM230426528,Rosario,Montero,01712078631,cortesnoemi@padilla-cordero.org,1-036-946-1946x,E,00320
00321,Aurelio,GABA750710GP45,GAA700612R3Z,Gamez,Briseño,333-326-2216x80,german44@industrias.com,809.734.8361x69,P,00321
00322,Renato,BEGR440710UK26,BER5909239UI,Benavídez,Gollum,1-126-022-7574x,oliverpartida@gaona.com,1-603-981-7042,E,00322
00323,Arturo,COSA160914VO39,COA460316VC2,Coronado,Soria,297-080-7877x79,judith93@yahoo.com,1-760-503-6162x,E,00323
00324,Catalina,PRCC670707AE38,PRC920416N1H,Preciado,Crespo,1-693-702-2939x,victor07@lebron.com,(595)214-6388x7,E,00324
00325,María Luisa,PAPM261028BR92,PAM060218QAQ,Palomo,Porras,1-726-435-1438x,rufino29@gaona-benavidez.com,(057)034-8188,E,00325
00326,Raúl,GÓTR311003TN05,GÓR2105060ZN,Gómez,Trujillo,511-618-3595x27,maximiliano65@godoy.com,1-807-719-0565,E,00326
00327,Julia,ARRJ151227GY01,ARJ540131XT4,Armenta,Romo,549-697-4702x39,olga81@yahoo.com,1-151-896-1600x,P,00327
00328,Zacarías,SUEZ440519UE69,SUZ960311AZV,Suárez,Estévez,00632958875,ycarrillo@grupo.com,491-031-1184x78,P,00328
00329,Felipe,ZALF480330IP82,ZAF821228TC4,Zamudio,Lugo,(781)051-2829x0,anamuniz@gmail.com,(874)344-6374x3,P,00329
00330,Pedro,BAOP191126BR23,BAP470531DZS,Bahena,Ordóñez,09765200384,vmaya@verduzco.net,+95(7)008244371,P,00330
00331,Gloria,SAGG680723RC43,SAG671207BFK,Santana,García,+20(3)946511879,pedro56@gmail.com,284-011-5524,P,00331
00332,Pedro,LUDP750915ZH62,LUP480430RH1,Luna,Díaz,1-165-196-6175x,lucerosofia@grupo.net,651-269-1613,E,00332
00333,Marco Antonio,RÍHM090918WK33,RÍM560718KOJ,Ríos,Henríquez,00521373672,villagomezgerman@viera-hernandes.info,1-321-684-0104,E,00333
00334,Reynaldo,LECR200305MQ94,LER190605O4O,Ledesma,Carmona,211.641.8716,alfonso02@hotmail.com,1-671-440-7983x,P,00334
00335,Rodolfo,GÁVR330829LZ31,GÁR650731AC3,Gálvez,Villaseñor,(270)925-4777,alvaroadame@puente.biz,(314)773-5270x3,P,00335
00336,Leticia,ROCL960519FB49,ROL710310AI1,Rolón,Calderón,301-312-1813,gracielagonzales@hotmail.com,03305700256,E,00336
00337,Gilberto,URFG550712RO42,URG080713FI2,Urrutia,Fonseca,(715)300-2334x3,ulibarridaniel@montanez.biz,(886)421-8399x9,P,00337
00338,Helena,ROLH681017UE36,ROH000815ZMD,Roybal,Loera,002.526.4042x56,lemusveronica@yahoo.com,+01(1)756762022,P,00338
00339,Ariadna,ROOA590702KT46,ROA681024SF8,Romo,Ocampo,422-010-8429,mateo18@yahoo.com,(478)488-3154,E,00339
00340,Araceli,ARSA950430QK42,ARA330317CYX,Arevalo,Segovia,265-733-4552x95,vzuniga@de.com,1-211-783-8143,P,00340
00341,Silvia,OLUS381205QI62,OLS940801CUQ,Olivares,Ureña,061.549.4420x50,aidaleiva@hotmail.com,(926)046-1177x0,E,00341
00342,Uriel,LUSU370403OB02,LUU750719RDV,Lugo,Santana,(742)794-0899x5,esperanzabarraza@gmail.com,+34(9)053854547,E,00342
00343,Paulina,GRGP180407ZD87,GRP101215GBO,Gracia,González,340.823.9112,salvadorbustamante@gmail.com,276.077.9805x82,P,00343
00344,Samuel,LEJS970822UF58,LES651024J4V,León,Jaimes,1-087-851-3127x,fgiron@solano-carrion.com,450.132.8481,E,00344
00345,Inés,TEMI860816FN12,TEI1907210UH,Terrazas,Molina,332.574.5525,bmadera@yahoo.com,(390)146-3961,E,00345
00346,Santiago,URLS730721KJ42,URS251006YHD,Ureña,Lara,+49(7)493239829,citlaliviera@proyectos.com,1-316-792-0783x,P,00346
00347,Cynthia,MEBC100111IN46,MEC620124PLJ,Mercado,Barrera,(482)493-8681x1,josefinarodarte@alejandro.biz,+91(9)420528798,E,00347
00348,Graciela,RIVG400505WD04,RIG790622W4C,Rivera,Valle,1-787-949-0097,eloymontoya@solorio-sauceda.net,841.537.7367x76,P,00348
00349,César,GIMC970211XW88,GIC980609CVQ,Gil,Manzanares,104.788.6639x68,antonia95@hotmail.com,+69(9)566690838,P,00349
00350,Jaqueline,SIAJ730429ZC25,SIJ3807140M5,Sisneros,Avilés,+97(8)024064222,aherrera@hotmail.com,1-971-186-5238,P,00350
00351,Joaquín,BECJ611005JS05,BEJ1007122OM,Berríos,Corral,(025)045-9817x0,pcardona@gmail.com,(996)523-2963,P,00351
00352,Eugenia,NELE050516FP19,NEE620522Q3C,Nevárez,Llamas,(156)341-9409,antonia34@gmail.com,(831)898-2746,E,00352
00353,Alejandra,ROPA000902ZO08,ROA831014YPE,Robles,Pichardo,412-508-4317x23,zsaenz@gamez.org,137.598.7760x71,E,00353
00354,Amanda,MUHA110214NT52,MUA400927JNS,Munguía,Hernandes,+91(6)212638265,veronica32@jaimes.org,275-537-9201,E,00354
00355,Yeni,ECOY500303OG65,ECY531128UU3,Echeverría,Orta,380.763.6422,micaelagalvez@cardenas-valladares.com,1-999-402-5199x,P,00355
00356,Leonor,PARL250226XA45,PAL110819FY9,Padrón,Ruiz,705.583.0595,trinidad60@gmail.com,644.057.1771,E,00356
00357,Sofía,COQS940204WX79,COS231012NGC,Contreras,Quesada,(835)610-1589,santiago50@hotmail.com,049.966.0307x96,P,00357
00358,Sergio,OTQS011026NX88,OTS82110592H,Otero,Quiñónez,844.650.0239x26,abel38@corporacin.com,1-687-085-0836,E,00358
00359,María Luisa,DEAM631109DF84,DEM6207049KR,de Anda,Aragón,422.893.7256,gloria95@club.com,063-539-5209x55,E,00359
00360,Olivia,CAMO510125EI85,CAO9101165UW,Cavazos,Martínez,(916)392-2404x6,paulina53@hotmail.com,949.457.0056x04,P,00360
00361,Inés,GAMI960414FI00,GAI260826PXI,Garica,Molina,+00(3)749118732,tomas15@despacho.net,(002)792-6804,P,00361
00362,Víctor,BETV840807XI35,BEV340220H82,Berríos,Tejada,1-460-277-4349x,irenebahena@macias.net,(143)171-2479,E,00362
00363,Aldo,PACA130328ID63,PAA850131FKH,Pabón,Chacón,860-464-5136x17,rodolfo07@tellez.com,360-877-5563,E,00363
00364,Mónica,ZALM850504YB26,ZAM011201XCM,Zarate,Lemus,112-616-6140x93,guillermina11@gmail.com,874.455.7858x20,P,00364
00365,Esteban,TEME560320QL46,TEE001015HIY,Terrazas,Mena,1-954-228-6950x,fuentespablo@hotmail.com,075.814.7795x05,P,00365
00366,Socorro,AVAS640413YJ03,AVS111028SGH,Avilés,Abrego,333.351.4195x66,elomeli@corporacin.com,(017)553-7009,P,00366
00367,Esther,JUPE481010ML92,JUE780102JQT,Jurado,Padrón,(700)495-4264,rolandoromo@yahoo.com,(214)677-9809x4,E,00367
00368,Marcos,NIBM380805DH08,NIM621127OP7,Nieves,Bermúdez,(864)035-4539,leonoraleman@yahoo.com,992-813-1031x58,E,00368
00369,Olivia,CAOO270430KU22,CAO10080629D,Casas,Ocampo,(468)229-8209,sandra62@gmail.com,1-922-626-3751x,P,00369
00370,Laura,CECL890226NT02,CEL140715A3N,Cervantes,Chavarría,400-162-3090x25,maderaaldo@pelayo-toledo.net,(369)240-0858,E,00370
00371,Abril,ACGA400318UY64,ACA700626S1F,Acevedo,Gracia,1-588-311-6226,benito89@griego.com,(758)851-9229x3,E,00371
00372,María del Carmen,MOSM580427OY22,MOM631228NX1,Montemayor,Serrano,979-618-6591x49,negretehumberto@hotmail.com,(104)414-6493x0,E,00372
00373,Cornelio,DEFC310206FR19,DEC780306MJC,Delgadillo,Fonseca,936-603-8929x90,emilioarce@sevilla-naranjo.org,(130)271-1786x3,E,00373
00374,Elena,JALE260722DU66,JAE730108CYU,Jaime,Lebrón,(846)724-9568x1,porfirio53@yahoo.com,300-138-0594,E,00374
00375,Carolina,ESRC551028ZP68,ESC930829EAO,Escobedo,Ramón,145-841-0290x17,ana-mariaaponte@yahoo.com,782.335.8063x87,P,00375
00376,Paola,PEPP641203XN43,PEP50060102V,Pelayo,Paredes,(208)610-1531x1,nazariodebora@mojica-aviles.com,(287)603-1376x8,E,00376
00377,Lucía,ESZL240525PM00,ESL540111NUZ,Escobedo,Zedillo,984-131-8181,merazrosario@loya-romo.com,(101)091-0182,P,00377
00378,Dulce María,MOSD840813RQ58,MOD4804287RL,Montemayor,Solorzano,+65(8)337358853,virginia17@arenas.com,907-069-8641x78,E,00378
00379,Nelly,MEHN300819OE79,MEN310119C6S,Medina,Haro,1-969-528-8919,germancarrera@despacho.biz,1-354-474-6658,P,00379
00380,Espartaco,HUCE770830DL60,HUE040322G1P,Hurtado,Castañeda,(906)998-3735,franciscomendoza@gmail.com,674.855.8962,E,00380
00381,Javier,SÁLJ160301NQ85,SÁJ1504214F5,Sánchez,Leyva,(894)354-1376,ana-luisa17@grupo.com,284.539.2611x45,E,00381
00382,Catalina,MOSC720509YV98,MOC160219C54,Mojica,Saavedra,06797598254,mauriciovaldivia@hotmail.com,1-539-874-3636,E,00382
00383,Leonardo,MOBL310219NX66,MOL6010178PA,Mondragón,Benavídez,179-485-0291x01,xcardenas@haro.info,1-880-999-3641x,E,00383
00384,María Teresa,ORHM950603IO86,ORM4607293CU,Ornelas,Hinojosa,238.426.5601x75,luisasotelo@gmail.com,097.997.5616x48,P,00384
00385,José Eduardo,LERJ860928IC24,LEJ850706OMU,Leal,Roque,1-392-142-0499x,maria-jose79@gmail.com,(719)445-7618x0,P,00385
00386,Isabel,PATI840810XM71,PAI200908E6X,Palomino,Treviño,1-268-640-9144x,joaquinmuro@hotmail.com,01525381123,E,00386
00387,Gabriela,VEDG140425SP08,VEG5011230ZD,Venegas,de la Fuente,628.928.4472x41,tejedaemiliano@porras-varela.com,1-138-452-5176x,E,00387
00388,Benjamín,ULRB560403CK99,ULB070715CO3,Ulibarri,Reynoso,(635)510-8291,zeferinoordonez@gmail.com,00821194729,E,00388
00389,Adela,YÁLA771015VK17,YÁA5106288NH,Yáñez,Leyva,1-853-787-7501x,calderonmercedes@hotmail.com,08889883994,P,00389
00390,Humberto,AMOH080826BL76,AMH220407VBQ,Amador,Ortega,659-389-8887x84,mcisneros@hotmail.com,+73(1)028810740,P,00390
00391,Zoé,ABAZ810328XQ94,ABZ400812Q5I,Abrego,Ayala,157-673-7704x93,ctorrez@yahoo.com,406.215.5263,P,00391
00392,Olivia,RASO940531SQ13,RAO0707162NG,Ramón,Santiago,+11(2)356272318,homerobetancourt@yahoo.com,880.986.6534x29,P,00392
00393,Abigail,CAVA291211HG15,CAA070509TDX,Carreón,Vega,1-927-942-0444x,rvillasenor@yahoo.com,+71(5)025254509,P,00393
00394,Karina,APCK070916HK47,APK380216X29,Apodaca,Contreras,687-700-6077,matiaswendolin@hotmail.com,707-887-0201,P,00394
00395,Soledad,VEGS840816II83,VES550526QJX,Vera,Griego,1-057-043-8066,zarmenta@caraballo-negron.com,199-610-2536,P,00395
00396,Rubén,LUCR220210PC46,LUR9812239ZA,Luna,Ceja,877.362.9878,noemi12@gmail.com,(101)120-7891x0,E,00396
00397,Esperanza,SOVE531227JG87,SOE5805055QM,Solorzano,Valladares,1-250-593-5149,alberto21@yahoo.com,895-694-0849,P,00397
00398,Carolina,NAVC080217OT30,NAC010421UJN,Narváez,Valdivia,297-561-5634,arcelia35@gmail.com,062.396.3520x50,P,00398
00399,Caridad,NIOC081213VP13,NIC901219L1B,Niño,Orosco,(642)922-8122x9,solorzanosandra@yahoo.com,(574)969-6532x4,P,00399
00400,Ana María,FEPA531020PS23,FEA160705U4Y,Fernández,Paredes,187-807-0655,anabel01@villasenor-del.info,(805)272-0033x4,P,00400
00401,Jesús,COQJ660815UK29,COJ4709188UC,Covarrubias,Quezada,(375)778-1685,vecheverria@hotmail.com,333-569-3762,E,00401
00402,Isaac,VAUI350915BX64,VAI570907ES6,Valadez,Ureña,(465)602-3792x5,rosaliauribe@hotmail.com,(397)849-4403x7,E,00402
00403,Adalberto,GOTA071128QH16,GOA530606WTH,Gollum,Trujillo,038.365.9635x93,ofelia07@hotmail.com,(500)627-6720,P,00403
00404,Evelio,NÚOE611021FM91,NÚE010228U6Q,Núñez,Ortega,1-908-576-3154x,antonia67@hotmail.com,(107)668-7766,E,00404
00405,Anabel,TAPA230306BF27,TAA100826BRD,Tamez,Palacios,1-684-550-8271,cledesma@gmail.com,954-275-1816x31,P,00405
00406,Dulce María,PAMD551031XV96,PAD830528AE7,Parra,Madrid,1-201-149-0215x,saramondragon@corporacin.com,466-112-3060x73,P,00406
00407,Adalberto,PICA550310OC07,PIA090715489,Piña,Cantú,047-124-5004x26,bgurule@zepeda-ceja.org,(296)101-2802x7,E,00407
00408,Federico,OLCF910912DH20,OLF110714UTU,Olivárez,Chavarría,07945614179,esperanzahuerta@corporacin.com,1-337-078-9041,E,00408
00409,Nicolás,ALMN230331TE49,ALN180924ZNI,Almanza,Maestas,840.891.7507x93,noriegarocio@yahoo.com,(986)942-0803x6,E,00409
00410,Gilberto,QUCG971010KF09,QUG201010E61,Quintanilla,Ceja,1-150-171-0182,lrodriguez@casas.info,01777853534,E,00410
00411,Micaela,BEGM130625RB81,BEM320806E8S,Benítez,Garica,1-057-111-6553,jimenezjorge@yahoo.com,(118)506-8151x4,E,00411
00412,Abelardo,LIDA760818WZ21,LIA480210FLA,Lira,de la O,876-928-5478x74,ubalderas@laboratorios.com,311-728-8556x81,P,00412
00413,Pilar,ZEOP910319SK65,ZEP1212306Y2,Zelaya,Ornelas,(088)420-3615x6,tvenegas@cintron-beltran.biz,09418107466,P,00413
00414,Rosa,GACR511230MU45,GAR860519H37,Gaytán,Chacón,965.595.2803x96,catalina72@hotmail.com,585.506.1385x37,P,00414
00415,Carlos,CORC170908NN81,COC291126OP4,Corrales,Romero,169.494.6725,ariadnamuniz@gmail.com,(826)845-2025x5,P,00415
00416,Rocío,MOCR100730AB23,MOR170303UF8,Montemayor,Chávez,100.053.2442x14,sonia42@yahoo.com,1-311-996-1784x,E,00416
00417,José María,COMJ291215FI48,COJ020103O1G,Colunga,Merino,1-168-568-9011,lorenzovillanueva@esquivel-salgado.com,(447)188-8286x2,E,00417
00418,Nancy,MEHN140808BF74,MEN770822N4V,Meraz,Hidalgo,1-588-173-8843x,llamasjacobo@gmail.com,+79(5)575362351,P,00418
00419,Cristina,PAPC860306RI04,PAC371130SOG,Padrón,Portillo,09588495464,salmagonzalez@hotmail.com,597-547-9706,E,00419
00420,Yeni,ARAY950104KJ53,ARY171209RXK,Archuleta,Acosta,036-518-0213x97,htafoya@chavez-santacruz.com,850-666-3778,P,00420
00421,Arturo,IBLA840914DM60,IBA1705044Q1,Ibarra,Lara,706-843-8080x44,barriosmodesto@yahoo.com,09449556801,E,00421
00422,Lucas,MAAL651211KY38,MAL230114EGI,Mascareñas,Angulo,535-330-1596x91,elena35@yahoo.com,02325494657,P,00422
00423,Elvia,CAGE390510DS38,CAE450221ET3,Camarillo,Garrido,+49(1)617190053,hvalverde@grupo.biz,(159)080-9141x9,E,00423
00424,Inés,LELI130224DS26,LEI110601QJB,León,Loya,843-281-5281x61,correaaurora@yahoo.com,095-065-6152,E,00424
00425,Raquel,CATR271204MD03,CAR290909RYF,Cazares,Treviño,1-267-836-9188x,cesarescobar@hotmail.com,08296149837,E,00425
00426,Maximiliano,GALM580905CH55,GAM051224D7Y,Galarza,Luevano,+69(2)226893894,abelardo86@gmail.com,534.284.4714x62,P,00426
00427,Pascual,GRBP170320BD14,GRP8208236MX,Granados,Barraza,179.194.8497x64,zeferino22@yahoo.com,660.634.8076,E,00427
00428,Estefanía,ROZE011218ON76,ROE131107PZN,Rodríquez,Zapata,(314)056-4693x5,asegovia@yahoo.com,(556)289-6130x8,E,00428
00429,Minerva,DUHM370530RC88,DUM3206276T4,Dueñas,Haro,08229540882,zoe03@yahoo.com,(813)002-9822x8,E,00429
00430,Eloisa,ALPE240510QH98,ALE1011136EG,Almanza,Palomo,104-806-6935x98,luis-manuelpineda@hotmail.com,403.084.4556x23,P,00430
00431,Ruby,BUQR701001JK00,BUR320221DQF,Bustos,Quiroz,(573)860-1427,maurorivas@gmail.com,288.813.8529x18,P,00431
00432,José Manuél,NÁMJ240218YS72,NÁJ821026CVR,Nájera,Medina,872.764.0946,mariselacasares@hotmail.com,(821)918-6009,P,00432
00433,Carolina,DECC160511DQ86,DEC8010227YM,de Jesús,Camacho,914-450-7520x98,carlavillasenor@industrias.com,337.476.1188,P,00433
00434,Jacinto,GRPJ621120OF79,GRJ140203KVW,Grijalva,Pelayo,753-336-9009x95,sresendez@navarro-sandoval.info,(695)677-4154x9,E,00434
00435,Benito,GIDB460814VE68,GIB580811D0O,Girón,del Valle,186-488-8753,jacobo50@armas-castro.com,856.816.3446,E,00435
00436,Ernesto,IGLE230226AY95,IGE140823PJV,Iglesias,Lovato,704.253.1427,estefania40@hotmail.com,1-332-094-1999x,E,00436
00437,René,SARR170321BZ04,SAR490920VB2,Sanabria,Reséndez,153.262.4957,madridvicente@gmail.com,643.820.6359,P,00437
00438,Yolanda,RILY840710UG44,RIY991003CGF,Rivas,Leiva,588.098.3529x87,hmalave@laboratorios.info,1-799-434-9179x,E,00438
00439,Miriam,GOSM540630NB76,GOM390112G66,Godínez,Salazar,1-944-806-0706x,tgranado@gmail.com,(648)112-8736x0,E,00439
00440,Mauricio,SAVM430122FY96,SAM4608166XP,Salazar,Villalobos,184.603.6131,modesto70@club.com,978-277-5699,P,00440
00441,Marisol,SOAM660112YE39,SOM6705092A5,Soto,Armas,364-264-5863,xponce@monroy.org,(126)918-6887x0,E,00441
00442,Adriana,OLDA921122KB44,OLA181025CCB,Olvera,de Jesús,1-144-991-2885x,palaciosbarbara@despacho.info,1-559-186-8220,P,00442
00443,Hermelinda,VIAH501215NR44,VIH050322S22,Villagómez,Aguilera,817.284.8893x71,drobledo@club.net,1-609-966-8304,P,00443
00444,Mitzy,VIBM570919UC25,VIM490928LNH,Villagómez,Baeza,515.953.5388x41,rosaliasolis@yahoo.com,585-380-4988,P,00444
00445,Claudia,LOMC570923YO61,LOC901105QOX,Loera,Montero,114.090.7182,alicia99@club.com,(475)403-3538x8,E,00445
00446,Olivia,LECO811201PO81,LEO201226RBQ,Lerma,Cedillo,09196573317,cavazoscarla@matos-olivera.com,418.715.7048x48,P,00446
00447,Bernabé,OZGB430512XZ23,OZB270718MF7,Ozuna,Garica,1-117-726-9608x,rodolfo73@lomeli-benavides.com,1-481-351-6873,P,00447
00448,Carolina,MAPC680715GZ59,MAC551028QJC,Mateo,Pelayo,725-037-5045x91,lespinoza@hotmail.com,969-565-8708x21,P,00448
00449,Paola,SOAP090521IV01,SOP6209177A2,Sosa,Anguiano,03705672826,glira@varela-bustamante.com,583-871-7101x52,E,00449
00450,José Emilio,MOQJ181206JL48,MOJ170521BH0,Mondragón,Quintana,03560330687,nayeli11@proyectos.com,442.065.8470x87,P,00450
00451,Mónica,MADM160422SV10,MAM140213EAN,Martínez,del Valle,1-460-364-5880,cortezivonne@hotmail.com,335-645-6563x05,P,00451
00452,Alonso,RAÁA100110WB32,RAA070401XN7,Raya,Ávila,(105)152-5395x5,gilberto57@yahoo.com,1-916-312-3170,E,00452
00453,Leonor,COGL660627LE16,COL140904ALQ,Cotto,Guerra,1-495-780-5644x,eduardo93@hotmail.com,118.184.6595x30,E,00453
00454,Gregorio,ARZG610323IU02,ARG360907Y49,Arroyo,Zayas,(889)815-8372x9,wendolinlovato@despacho.biz,712-503-4048x57,P,00454
00455,Ilse,TEGI150829DP49,TEI700717XLS,Terán,Gallardo,(785)459-2804x6,jassonelly@renteria.biz,1-872-942-7948x,P,00455
00456,Judith,GACJ450503QI80,GAJ910404FW0,Galarza,Caballero,+88(6)347584901,armandoholguin@gmail.com,+11(9)801108014,P,00456
00457,Estela,FEME480521JZ24,FEE871205T6W,Feliciano,Melgar,543-690-6949,llamasestela@covarrubias.com,(552)117-2451,E,00457
00458,Roberto,SALR061229DE29,SAR131009BIW,Sarabia,Loera,(541)843-5313x4,almaortega@yahoo.com,1-944-969-5970x,P,00458
00459,Héctor,RICH040621EH62,RIH020516QHF,Rivas,Castro,1-568-786-6492x,aidasosa@corporacin.net,689.442.9020x93,P,00459
00460,Judith,BURJ631213DD28,BUJ181220214,Bustos,Rosado,1-669-887-2905,alvaesmeralda@gmail.com,(009)876-9351x5,P,00460
00461,Jaqueline,SEMJ250126XT59,SEJ1705083RA,Serrato,Montaño,404.862.4692x64,talvarez@caban.info,251-474-3917x78,E,00461
00462,María Teresa,PEMM800917ZJ70,PEM700215GPY,Peres,Medrano,308.417.6569x28,alvaro12@palomo-campos.com,+07(4)280725770,P,00462
00463,Luis Miguel,BELL420830VB40,BEL440721QP4,Benavides,Longoria,06090536763,kapodaca@gmail.com,560-215-5244,P,00463
00464,Teodoro,RIDT800106TD11,RIT320306MA6,Rivera,de la Garza,705-174-4177x72,eliascontreras@hotmail.com,668.603.2404x37,P,00464
00465,Maximiliano,PADM191017KF14,PAM260531GWL,Pacheco,Delgadillo,920-762-8161,pachecoalberto@briones.info,1-651-376-7589x,E,00465
00466,Elsa,JAGE130718RB36,JAE7604207B0,Jaime,Grijalva,347.793.9819,reynosoaugusto@yahoo.com,531-674-0920,E,00466
00467,Samuel,CONS150128YU07,COS821004TAI,Corral,Nieto,573-222-1045,amalianieves@yahoo.com,01413122648,E,00467
00468,Adela,MEJA250109AM31,MEA211005CQ5,Meléndez,Jaramillo,1-593-545-6855,lemusana-luisa@gonzales.com,757.625.9698,E,00468
00469,Alonso,MEAA840508GI71,MEA840221J77,Melgar,Arellano,(748)427-5006x9,cesarramirez@club.info,1-257-450-0940,P,00469
00470,Patricio,CACP111208CA65,CAP250822EIC,Carranza,Casares,567-688-6071x78,ogrijalva@hotmail.com,930.347.2887,E,00470
00471,José Luis,ARPJ540301ZY01,ARJ040520SXK,Armas,Pedraza,957-048-2997,buenoaugusto@hotmail.com,(831)108-8523,P,00471
00472,Felipe,MEBF761218ST23,MEF460826U79,Mendoza,Bahena,(431)026-6882x2,elviaarmendariz@corporacin.com,1-496-515-0731,P,00472
00473,Eva,AMBE320316CB95,AME210930WF5,Amador,Burgos,1-616-160-6726,ayalaamanda@gmail.com,018-187-4713x50,E,00473
00474,Patricia,COVP650822CR09,COP680501CZK,Cotto,Villanueva,936-533-2878x11,pereamiguel@santillan-gonzales.com,08487924608,E,00474
00475,Minerva,VEOM181228NZ80,VEM180601LH8,Vera,Ortiz,(614)248-6303x7,mendezoswaldo@benavidez-contreras.com,1-471-735-6254x,P,00475
00476,Violeta,LALV190220LU24,LAV410711ZRS,Lara,Luna,+25(2)699524467,salmaceballos@club.com,(135)777-2992,P,00476
00477,Lilia,QUTL790823PT43,QUL39061011H,Quintanilla,Téllez,361-054-2752x15,jaramillojulio-cesar@gmail.com,630-092-1520,P,00477
00478,Perla,TOVP150729NY48,TOP000906C5U,Tovar,Vallejo,(716)854-6921x3,dcolon@hotmail.com,183.228.4770,E,00478
00479,Daniela,BEBD130523VS73,BED450816MTA,Bernal,Barraza,+49(7)283494075,leonelballesteros@gmail.com,974-032-2002,E,00479
00480,Alma,CAVA500731WT36,CAA091106H7S,Carrión,Vázquez,09429656429,rodriquezgonzalo@lemus.com,(257)873-0964,E,00480
00481,Vanesa,DOCV471215VD53,DOV2210284G6,Domínguez,Covarrubias,375.933.8999x34,deliasegovia@gmail.com,206.461.4042x75,P,00481
00482,Rodolfo,SAGR060914JD80,SAR871026DDE,Salcido,Guardado,936.846.2995,felicianoitzel@hotmail.com,(584)246-3186,P,00482
00483,Soledad,POCS810210DZ27,POS741009GX5,Ponce,Camarillo,156.196.6928,espartaco54@yahoo.com,(679)769-5543x0,P,00483
00484,Jorge Luis,CHBJ890201IB88,CHJ9903205E0,Chapa,Bétancourt,109-026-2543,garicamercedes@hotmail.com,+00(9)822434680,P,00484
00485,Abigail,IRPA420104ZV15,IRA211224EHC,Irizarry,Palomo,+17(3)513117138,saavedraoscar@gmail.com,632.242.7231x12,E,00485
00486,Luis,ORCL310829TN94,ORL220906IW4,Orta,Camacho,162-788-3803x41,maria-del-carmen18@verduzco.info,134.756.6264x69,P,00486
00487,Miriam,CABM200622BW25,CAM1602066IB,Caballero,Bañuelos,05772138165,lourdes79@gmail.com,+43(2)516920176,P,00487
00488,Cynthia,GÓEC140724WW73,GÓC181223GV8,Gómez,Elizondo,(185)548-7501x6,aochoa@hotmail.com,508-097-8616,E,00488
00489,Lucas,ARML630121MH20,ARL401010KJ9,Arellano,Morales,(683)968-1870,ricardode-la-rosa@yahoo.com,1-906-321-5310x,E,00489
00490,Camila,OCYC830529QB60,OCC120113NDT,Ocasio,Ybarra,767.691.8276x53,apodacaestela@trejo.com,250.001.3039,E,00490
00491,Susana,VIES100918CT81,VIS4710309U8,Villalobos,Esparza,303.709.4370x38,mparedes@hotmail.com,940-121-6653x50,P,00491
00492,Ramiro,GUSR450812OC26,GUR350123ZQX,Guevara,Saiz,1-568-877-9759x,vanesa54@venegas.biz,08560374046,E,00492
00493,Alma,MOAA660314EM63,MOA550822W2K,Mota,Apodaca,932.250.1070,agustinsaldana@gmail.com,03493636937,E,00493
00494,Paola,RIJP150307TO73,RIP130201G8H,Rincón,Jurado,569-801-6227x52,israel88@yahoo.com,525.118.4082x90,E,00494
00495,Gregorio,COJG200713RL86,COG320809K0A,Collado,Jimínez,461.283.7800x79,aurorafernandez@cadena.com,(848)589-9943,P,00495
00496,Blanca,TEOB151213VX46,TEB4610178Z3,Tejada,Orosco,+14(1)403989659,trinidad62@yahoo.com,1-303-209-4499x,P,00496
00497,Juan Carlos,FICJ081202RA45,FIJ65053084M,Fierro,Ceballos,+53(4)171943104,isabelafarias@gmail.com,1-854-057-9078x,P,00497
00498,Ivonne,POMI030221TZ57,POI280611WUV,Porras,Mena,536-646-3467x13,juarezfelipe@yahoo.com,04576143357,P,00498
00499,Francisca,CUDF140724AR89,CUF050401GRC,Curiel,de la Garza,1-341-334-7471x,rmireles@gmail.com,1-713-869-5751x,E,00499
00500,Mariana,VIGM111024AM55,VIM390805TRY,Villagómez,Guevara,(558)476-2885x5,nancychavarria@hotmail.com,08518894832,E,00500
